movie_name,native_name,title,execution_status
The Greatest Showman,The Greatest Showman,A Million Dreams (Reprise),to be processed
The Greatest Showman,The Greatest Showman,Come Alive,to be processed
The Greatest Showman,The Greatest Showman,The Other Side,to be processed
The Greatest Showman,The Greatest Showman,Never Enough,to be processed
The Greatest Showman,The Greatest Showman,This Is Me,to be processed
The Greatest Showman,The Greatest Showman,Rewrite the Stars,to be processed
The Greatest Showman,The Greatest Showman,Tightrope,to be processed
The Greatest Showman,The Greatest Showman,Never Enough (Reprise),to be processed
The Greatest Showman,The Greatest Showman,From Now On,to be processed
Chicago,Chicago ,Overture / All That Jazz,to be processed
Chicago,Chicago ,Funny Honey,to be processed
Chicago,Chicago ,When You're Good to Mama,to be processed
Chicago,Chicago ,Cell Block Tango,to be processed
Chicago,Chicago ,All I Care About,to be processed
Chicago,Chicago ,We Both Reached for the Gun,to be processed
Chicago,Chicago ,Roxie,to be processed
Chicago,Chicago ,I Can't Do It Alone,to be processed
Chicago,Chicago ,Mister Cellophane,to be processed
Chicago,Chicago ,Razzle Dazzle,to be processed
Chicago,Chicago ,Class,to be processed
Chicago,Chicago ,A Tap Dance,to be processed
Chicago,Chicago ,Nowadays,to be processed
Chicago,Chicago ,Nowadays / Hot Honey Rag ,to be processed
Chicago,Chicago ,I Move On,to be processed
Chicago,Chicago ,All That Jazz (reprise),to be processed
